;;;
0;1, Специальное предложение Россия;;
0;Направление;Код;Тариф за минуту руб с НДС
1;Адлер;8622;2,28
1;Азов;86342;1,71
1;Анапа;86133;2,28
1;Ангарск;39516, 39515, 39518, 3951;1,995
1;Армавир;86137;2,28
1;Архангельск;8182;2,28
1;Астрахань;8512;2,28
1;Байконур;336;3,135
1;Балаково;8453;2,28
1;Барнаул;3852;2,565
1;Белгород;0722, 4722;1,995
1;Белово;38452;2,28
1;Благовещенск;4162;2,565
1;Брянск;0832, 4832;1,995
1;Великий Новгород;8162;1,995
1;Владивосток;4232;3,135
1;Владимир;0922, 4922;1,71
1;Волгоград;8442;2,28
1;Волжский;8443;2,28
1;Вологда;8172;1,995
1;Воронеж;0732, 4732;1,995
1;Выборг;81278;2,28
1;Геленджик;86141;2,28
1;Глазов;34141;2,28
1;Екатеринбург;3432, 3433;1,995
1;Елец;07467, 47467;1,995
1;Железногорск;07148, 47148;1,995
1;Ижевск;3412;2,28
1;Иркутск;3952;2,28
1;Казань;8432;1,71
1;Калиниград;0112, 4012;2,28
1;Кемерово;3842;2,28
1;Кисилевск;38464;2,28
1;Кострома;0942, 4942;1,995
1;Краснодар;8612;2,28
1;Красноярск;3912;1,995
1;Курган;3522;2,28
1;Курск;0712, 4712;1,995
1;Ленинградская область;813;2,28
1;Ленинск-Кузнецкий;38456;2,85
1;Ливны;08677, 48677;2,28
1;Липецк;0742, 4742;1,995
1;МСС-2;290;1,425
1;Магадан;4132, 41322;2,565
1;Майкоп;87722, 87777;2,28
1;Махачкала;8722;2,28
1;Междуреченск;38475;2,28
1;Минеральные Воды;87922;2,28
1;Москва;095, 495, 499;0,285
1;Мурманск;8152;2,28
1;Набережные Челны;8552;2,28
1;Назрань;8732;2,28
1;Нальчик;86622;2,28
1;Нижний Новгород;8312;1,995
1;Нижний Тагил;34352, 34359;2,28
1;Новокузнецк;3843;2,85
1;Новороссийск;8617;2,28
1;Новосибирск;3832;2,565
1;Норильск;39192, 39193, 39194;2,28
1;Омск;3812;2,565
1;Орел;0862, 4862;2,28
1;Оренбург;3532;2,28
1;Пермь;3422;2,28
1;Петрозаводск;8142;2,28
1;Прокопьевск;38466;2,85
1;Псков;8112;2,28
1;Пятигорск;87933;2,28
1;Россия федеральная;800;3,135
1;Ростов-на-Дону;8632;2,28
1;Самара;8462;2,28
1;Санкт-Петербург;812;1,14
1;Саратов;8452;2,28
1;Смоленск;0812, 4812;1,995
1;Сочи;862;2,28
1;Ставрополь;8652;2,565
1;Старый Оскол;0725, 4725;1,995
1;Сургут;3462;2,85
1;Таганрог;8634;2,565
1;Тверь;0822, 4822;1,995
1;Темрюк;86148;2,28
1;Томск;3822;2,28
1;Тюмень;3452;2,28
1;Улан-Удэ;3012;1,995
1;Ульяновск;8422;1,995
1;Уфа;3472;1,995
1;Хабаровск;4212;1,995
1;Челябинск;3512;1,995
1;Шебекино;07248, 47248;1,995
1;Энгельс;84511;2,28
1;Южно-Сахалинск;4242;2,85
1;Якутск;4112;3,135
1;Ярославль;0852, 4852;1,71
0;2, Россия сотовые;;
2;Алтайский край сотовый;901912, 902997, 902998, 902999, 903910, 903911, 903912, 903947, 903948, 903949, 903957, 903958, 903990, 903991, 903992, 903995, 903996, 905980, 905981, 905982, 905983, 905984, 905985, 905986, 905988, 905989, 91320, 91321, 91322, 91323, 913924, 913925, 913926, 913927, 913928, 913929;3,135
2;Архангельск сотовый;818920, 818921, 901166, 901966, 902285, 902286, 905293, 905873, 906280, 906281, 906282, 906283, 906284, 906285, 909550, 909551, 909552, 909553, 909554, 909555, 909556, 91155, 91156, 91157, 91158, 91159, 91167, 92124, 92129, 92147, 92148, 92149, 921600, 92167, 921719, 921720, 921721;3,135
2;Башкортостан сотовый;901152, 901415, 901416, 901418, 901475, 901476, 901478, 901952, 902712, 903310, 903311, 903312, 903350, 903351, 903352, 903353, 903354, 903355, 903356, 904735, 904736, 904737, 904738, 905000, 905001, 905002, 905003, 905004, 905005, 905006, 905007, 905180, 905181, 905307, 905308, 905309, 90535, 906370, 906371, 906372, 906373, 906374, 906375, 906376, 906377, 91734, 91740, 91741, 91742, 91743, 91744, 91745, 91746, 91775, 9272, 92729, 92730, 92731, 92732, 92733, 92734, 92735, 9276, 92763, 92769;3,135
2;Владивосток сотовый;902520, 902523, 902524, 902522, 902521, 902525, 902527, 902557, 902556, 902555, 902529, 902528, 902526;3,135
2;Волгоград сотовый;902310, 902312, 903373, 903372, 903371, 903370, 903327, 903317, 903316, 903315, 90265, 92753, 92752, 92751, 92750, 927295, 9272905, 92725, 90539, 90533, 90477, 90475, 9047289, 9047288, 9047287, 9047286, 9047285, 903377, 903376, 903375, 903374, 90238, 902364, 902363, 902362, 902361, 902360, 902314, 902313, 902311;3,135
2;Казань сотовая;903305, 903306, 903307, 903340, 903341, 903342, 903343, 903344, 90476, 91725, 91726, 91727, 91728, 91729, 91739, 96003, 96004, 96005, 96006, 96007, 96008, 96009;3,135
2;Краснодар сотовый;903411, 903412, 903447, 903448, 903449, 903464, 9183, 91841, 91843, 91844, 91845, 91847, 91848, 91849, 918946;3,135
2;Москва сотовая;90118, 90140, 901470, 9015, 9017, 90190, 901982, 901983, 9031, 9032, 903363, 9035, 90361, 90362, 90366, 90367, 90368, 9037, 90396, 90397, 90398, 9055, 9057, 9104, 916, 9261, 9262, 9263, 9265;3,135
2;Москва сотовая;901461, 901464, 90300, 90301, 90366, 906, 9067, 909, 9100, 9150, 9151, 9152, 9153, 9175, 9264, 9267;3,135
2;Москва сотовая;9154, 9165;3,135
2;Россия сотовая;5, 501, 505, 901, 902, 903, 904, 905, 910, 911, 912, 913, 914, 917, 918, 920, 921, 922, 927, 928, 960;3,135
2;Россия сотовые;908, 923, 924, 950;3,135
2;Саратов сотовая;96035;3,135
2;Татарстан сотовые;9033878, 9044762, 9047123, 904760, 904761, 904763, 904764, 904765, 904766, 904767, 904769, 905020, 9050201, 905022, 905023, 905024, 905025, 905026, 905310, 905311, 905312, 905313, 905314, 905315, 905316, 905317, 905318, 905319, 905370, 905371, 905372, 905373, 905374, 905375, 905376, 905377, 92724, 9272904, 9274, 92767;3,135
2;Чебоксары сотовая;96030;3,135
2;Москва сотовая;925101, 925105, 925106, 925130, 925136, 925139, 925220, 925226, 925247, 925258, 925363, 9255, 9258, 926231, 926233, 958, 960, 961, 962, 967, 969, 970, 974, 985, 991, 997, 998, 999;3,135
0;4, Россия зона 1 М,О, до 100 км,;;
4;Воскресенск;244;1,425
4;Голицыно;233;1,425
4;Дмитров;222;1,425
4;Домодедово;279;1,425
4;Жуковский;248;1,425
4;Звенигород;232;1,425
4;Инфолайн;230;1,425
4;Искра;97;1,425
4;Истра;231;1,425
4;Климовск;276;1,425
4;Клин;224;1,425
4;Московская Область;498;1,425
4;Московская область;096, 496;1,425
4;Наро-Фоминск;234;1,425
4;Ногинск;251;1,425
4;Орехово-Зуево;241, 242;1,425
4;Павловский Пасад;243;1,425
4;Подольск;275;1,425
4;Пушкино;09653, 253, 49653;1,425
4;Раменское;246;1,425
4;Руза;227;1,425
4;Сергиев-Пасад;254;1,425
4;Серпухов;273, 277;1,425
4;Солнечногорск;226;1,425
4;Троицк;2751;1,425
4;Черноголовка;252;1,425
4;Чехов;272;1,425
4;Чкаловск;478;1,425
4;Щелково;256;1,425
4;Электросталь;257;1,425
0;5, Россия зона 1 М,О, свыше 100 км,;;
5;Волоколамск;236;1,71
5;Дубна;09621, 221, 49621;1,71
5;Егорьевск;240;1,71
5;Зарайск;266;1,71
5;Искра 500;249;1,71
5;Кашира;269;1,71
5;Коломна;09661, 261, 49661;1,71
5;Лотошино;228;1,71
5;Луховицы;263;1,71
5;Можайск;238;1,71
5;Озера;270;1,71
5;Серебряные пруды;267;1,71
5;Ступино;264;1,71
5;Талдом;09620, 220, 49620;1,71
5;Шатура;245;1,71
5;Шаховская;237;1,71
0;6, Россия зона 2;;
6;Арзамас;83147;2,28
6;Белгородская область;072, 472;2,28
6;Брянская область;083, 483;2,28
6;Владимирская область;092, 492;2,28
6;Вологодская область;817;2,28
6;Воронежская область;073, 473;2,28
6;Иваново;0932, 4932;2,28
6;Ивановская область;093, 493;2,28
6;Калуга;08422, 48422;2,28
6;Калужская область;084, 484;2,28
6;Кинешма;09331, 49331;2,28
6;Костромская область;094, 494;2,28
6;Курская область;071, 471;2,28
6;Липецкая область;074, 474;2,28
6;Мордовия;834;2,28
6;Муром;09234, 49234;2,28
6;Нижегородская область;831;2,28
6;Новгородская область;816;2,28
6;Орловская область;086, 486;2,28
6;Пенза;8412;2,28
6;Пензенская область;841;2,28
6;Рыбинск;0855, 4855;2,28
6;Рязанская область;091, 491;2,28
6;Рязань;0912, 4912;2,28
6;Саранск;8342, 83422;2,28
6;Смоленская область;081, 481;2,28
6;Тамбов;0752, 4752;2,28
6;Тамбовская область;075, 475;2,28
6;Тверская область;082, 482;2,28
6;Тула;0872, 4872;2,28
6;Тульская область;087, 487;2,28
6;Углич;08532, 48532;2,28
6;Чебоксары;8352;2,28
6;Череповец;8202;2,28
6;Череповецкая область;820;2,28
6;Чувашия;835;2,28
6;Ярославская область;085, 485;2,28
0;7, Россия зона 3;;
7;Архангельская область;818;2,565
7;Башкорстостан;347;2,565
7;Великие Луки;81153;2,565
7;Волгоградская область;844;2,565
7;Воркута;82151;2,565
7;Елабуга;85557;2,565
7;Инта;82145;2,565
7;Йошкар-Ола;8362;2,565
7;Калининградская область;011, 401;2,565
7;Карелия;814;2,565
7;Киров;8332;2,565
7;Кировская область;833;2,565
7;Набережные Челны;855;2,565
7;Пермская область;342;2,565
7;Псковская область;811;2,565
7;Республика Коми;821;2,565
7;Республика Калмыкия;847;2,565
7;Республика Мари Эл;836;2,565
7;Ростовская область;863;2,565
7;Самарская область;846;2,565
7;Саратовская область;845;2,565
7;Сыктывкар;8212;2,565
7;Таганрог;86343, 86344;2,565
7;Татарстан;843;2,565
7;Тольятти;848;2,565
7;Тольятти город;8482;2,565
7;Удмуртия;341;2,565
7;Ульяновская область;842;2,565
7;Ухта;82147;2,565
7;Элиста;8472, 84722;2,565
0;8, Россия зона 4;;
8;Алтайский край;385;2,565
8;Астраханская область;851;2,565
8;Владикавказ;8672, 86722;2,565
8;Грозный;8712;2,565
8;Дагестан;872;2,565
8;Ессентуки;87934;2,565
8;Ингушетия;873;2,565
8;Кабардино-Болкария;866;2,565
8;Карачаево-Черкесия;878;2,565
8;Кемеровская область;384;2,565
8;Краснодарский край;861;2,565
8;Курганская область;352;2,565
8;Магнитогорск;3519;2,565
8;Майкоп;8772;2,565
8;Миасс;35135;2,565
8;Мурманская область;815;2,565
8;Нальчик;8662;2,565
8;Нижневартовск;3466;2,565
8;Новосибирская область;383;2,565
8;Омская область;381;2,565
8;Оренбургская область;353;2,565
8;Пятигорск;879;2,565
8;Республика Адыгея;877;2,565
8;Салехард;34591, 34922;2,565
8;Свердловская область;343;2,565
8;Северная Осетия;867;2,565
8;Ставропольский край;865;2,565
8;Томская область;382;2,565
8;Туапсе;86167;2,565
8;Тюменская область;345;2,565
8;Уренгой;34949;2,565
8;Ханты-Мансийск;346;2,85
8;Челябинская область;351;2,565
8;Черкесск;8782;2,565
8;Чеченская республика;871;2,565
8;Ямало-ненецкий АО;349;2,565
0;9, Россия зона 5;;
9;Абакан;3902;2,565
9;Братск;3953;2,565
9;Иркутская область;395;2,565
9;Красноярский край;391;2,565
9;Республика Алтай;388;2,565
9;Республика Бурятия;301;2,565
9;Республика Саха;411;2,565
9;Республика Тыва;394;2,565
9;Хакассия;390;2,565
9;Чита;3022;2,565
9;Читинская область;302;2,565
0;10, Россия зона 6;;
10;Амурская область;416;2,565
10;Анадырь;4272;2,565
10;Биробиджан;426;2,565
10;Камчатка;415;2,565
10;Магаданская область;413;2,565
10;Петропавловск-Камчатский;41522;2,565
10;Приморский край;423;2,565
10;Сахалинская область;424;2,565
10;Тында;41656;2,565
10;Хабаровский край;421;2,565
10;Чукотский АО;427;2,565
0;11, СНГ и страны Балтии;;
11;Азербайджан;994;4,56
11;Азербайджан Баку;99412, 994124;4,845
11;Азербайджан сотовый;9945, 99450, 99455;6,27
11;Армения;374;3,42
11;Армения Ереван;3741;3,42
11;Армения Нагорный Карабах;3747;5,415
11;Армения Сотовая;3749;6,555
11;Армения Ереван;37410;3,42
11;Беларусь;375;7,695
11;Беларусь Минск;375172, 375175;7,695
11;Беларусь сотовая;37529;9,12
11;Грузия;995;3,99
11;Грузия Абхазия;9951;6,84
11;Грузия Аджария;9952;6,84
11;Грузия Тбилиси;99532;3,99
11;Грузия сотовая;99555, 9957, 99577, 99590, 99593, 99595, 99597, 99598, 99599;6,84
11;Казахстан;731, 732, 733;4,845
11;Казахстан Актау;73292;4,845
11;Казахстан Алматы;73272;4,845
11;Казахстан Астана;7317, 73172;4,845
11;Казахстан Атырау;73122;4,845
11;Казахстан Караганда;73212;4,845
11;Казахстан Павлодар;73182;4,845
11;Казахстан Темиртау;732139;4,845
11;Казахстан Уральск;73112;4,845
11;Казахстан Усть-Каменогорск;73232;4,845
11;Казахстан Шимкент;73252;4,845
11;Казахстан сотовый;7300, 731290, 731291, 731390, 731391, 731490, 731491, 731590, 731591, 731790, 731791, 731890, 731891, 732190, 732191, 732390, 732391, 732490, 732590, 732591, 732690, 732691, 732758, 732790, 732791, 732799, 7333;7,695
11;Казахстан сотовый;7570, 7571, 7573, 7574, 7700, 7702, 7705, 7707, 7777;10,26
11;Киргизстан;996;3,705
11;Киргизстан Бишкек;996312;3,705
11;Киргизстан Сотовый;996502, 996517;7,695
11;Киргизстан сотовый;99631, 99632, 99634, 99635, 99636, 99637, 99639;5,13
11;Киргизстан стовый;99650, 99651, 99654;7,695
11;Латвия;371;5,13
11;Латвия Вентспилс;37136;5,13
11;Латвия Даугавпилс;37154;5,13
11;Латвия Елгава;37130;5,13
11;Латвия ЛДЗ;37158;6,555
11;Латвия Лиепая;37134;5,13
11;Латвия Резекне;37146;5,13
11;Латвия Рига;3712, 3717;5,13
11;Латвия сотовая;37122, 37125, 37127, 37159, 3716, 37160, 37161, 37162, 37163, 37164, 37165, 37167, 37168, 3718, 37182, 371820, 371821, 37183, 371830, 371831, 371840, 37185, 3718501, 3718502, 37186, 37187, 37188, 37189, 3719, 37191, 37192, 37193, 37194, 37195, 37196, 37197, 37198, 37199;10,26
11;Литва;370;3,99
11;Литва сотовая;37028, 3706, 3708, 3709;9,12
11;Молдова;373;3,705
11;Молдова Кишинев;3732;3,705
11;Молдова Приднестровье;37328, 3735, 373532, 373533, 373540, 373545, 373555, 373556, 373557, 373559;3,705
11;Молдова Приднестровье;37321, 37332, 37333, 37340, 37345, 37366;6,555
11;Молдова Приднестровье;373562;7,695
11;Молдова Приднестровье сотовая;37377;7,695
11;Молдова Сотовая;373259, 3736, 373690, 373692, 373693, 3737, 373794, 373795, 373796, 3739;6,555
11;Таджикистан;992;5,7
11;Таджикистан Душанбе;992372;5,7
11;Таджикистан сотовая;9929;5,7
11;Туркмения;993;6,555
11;Туркмения сотовая;9935;6,555
11;Узбекистан;998;3,99
11;Узбекистан Ташкент;99871, 998713, 998711;3,99
11;Узбекистан сотовая;9989;7,695
11;Украина;380;5,13
11;Украина Донецк;380622, 3806230, 3806233, 3806234, 3806238;5,13
11;Украина cотовая;38066, 38097;6,555
11;Украина cотовая;38039, 38050, 38067, 38068;7,695
11;Украина Днепропетровск;38056, 3805637;3,705
11;Украина Днепропетровск;380567, 380563, 380562;5,13
11;Украина Донецк;38062, 380623;3,705
11;Украина Запорожье;38061, 380612;3,705
11;Украина Ивано Франковск;38034;5,13
11;Украина Киев;380442;3,705
11;Украина Киев;38044;5,13
11;Украина Киев;380444, 380445;3,705
11;Украина Кривой Рог;380564;3,705
11;Украина Львов;380322, 380327;5,13
11;Украина Мариуполь;380629;3,705
11;Украина Николаев;380512;5,13
11;Украина Николоев;380511;3,705
11;Украина Одесса;380482, 380487;5,13
11;Украина Одесская область;380483;3,705
11;Украина Полтава;380532;3,705
11;Украина Севастополь;380692;5,13
11;Украина Симферополь;380652;3,705
11;Украина Тернополь;38035;5,13
11;Украина Харьков;38057;3,705
11;Украина Харьков;380577;5,13
11;Украина Харьков;380573;3,705
11;Украина Харьков;380572;5,13
11;Украина Харьковская область;380571;3,705
11;Украина Черновцы;38037;3,705
11;Украина сотовая;38044449, 3804449, 38063, 38095;6,555
11;Украина сотовая;38096;7,695
11;Эстония;372;1,71
11;Эстония Таллин;3726;1,71
11;Эстония сотовая;3725, 37250, 37251, 37252, 37253, 37259;8,265
11;Эстония сотовая;37254, 37255, 37256, 37258;8,835
11;Эстония сотовая;37270;23,085
0;12, Европа;;
12;Австрия;43;1,995
12;Австрия Амштеттен;437472;1,995
12;Австрия Браунау;437722;1,995
12;Австрия Брегенц;435574;1,995
12;Австрия Вайдхофен;437442;1,995
12;Австрия Вельс;437242;1,995
12;Австрия Вена;431;1,995
12;Австрия Линц;43732;1,995
12;Австрия Ферлах;434227;1,995
12;;;
12;Австрия сотовая;436, 43650, 4365, 43663, 43666, 4367, 43678, 43680, 43730, 4373, 43720, 4372, 43711, 437, 43699, 4369, 43688, 43820, 4382, 43810, 4381, 4380, 438, 43780, 43740, 4374, 4390, 439, 4368, 43676, 43669, 43664, 43660, 4366;11,685
12;Албания;355;7,41
12;Албания Тирана;3554;5,415
12;Албания сотовая;35538;8,55
12;Албания сотовая;35568, 35569;10,545
12;Андорра;376;3,705
12;Андорра сотовая;3763, 3764, 3766;9,975
12;Белгия Гент;3292, 3293;2,85
12;Бельгия;32;1,995
12;Бельгия Антверпен;323;1,995
12;Бельгия Брюссель;322;1,995
12;Бельгия сотовая;3217, 3218, 324, 3244, 32446, 3245, 3247, 32472, 32473, 32474, 32475, 32476, 32477, 32478, 32479, 3248, 32484, 32485, 32486, 3249, 32494, 32495, 32496, 32497, 32498, 32499, 3270, 3275, 3277, 3278, 3294, 3295, 3296, 3297;11,685
12;Бельгия сотовая роуминг;324750, 3248601, 3249509;11,685
12;Болгария;359;5,13
12;Болгария София;3592;3,705
12;Болгария сотовая;35948, 35949, 35979, 35987, 35988, 35989, 35997, 35998, 35999;9,405
12;Босния и Герцеговина;387;9,12
12;Босния и Герцеговина сотовая;38761, 38763, 38765, 38766, 38770, 38780, 38790;10,83
12;Босния и Герцеговина Сараево;38733;12,255
12;Ватикан;379;2,85
12;Великобритания;44;1,71
12;Великобритания Лондон;44207, 44208;1,71
12;Великобритания Манчестер;44161;1,71
12;Великобритания сотовая;4460, 4476, 447702, 447714, 447713, 447712, 447711, 447710, 447709, 447708, 447705, 447703, 447749, 447746, 447745, 447743, 447742, 447740, 447739, 447736, 447734, 447845, 447843, 447841, 447840, 447835, 447834, 447821, 447820, 447819, 447809, 447808, 447803, 447802, 447801, 447793, 447764, 447763, 447762, 447761, 447759, 447754, 447753, 447752, 447751, 447750, 447732, 447731, 447730, 447729, 447720, 447719, 447718, 447715;9,12
12;Великобритания сотовая;449797, 44871, 4479, 4478, 4477, 4455;10,26
12;Великобритания сотовая;4497, 44870, 447889, 447885, 447860, 447851, 447850, 447849, 447701, 4470, 447;9,12
12;Великобритания сотовая NTS;44845;9,12
12;Венгрия;36;3,42
12;Венгрия Будапешт;361;2,85
12;Венгрия сотовая;3620, 3641, 3660, 3691, 3690, 3681, 3671, 3670, 3650, 3640, 3630;11,685
12;Германия;49;1,71
12;Германия Берлин;4930;1,71
12;Германия Гамбург;4940;1,71
12;Германия Ганновер;49511;1,71
12;Германия Дортмунд;49231;1,71
12;Германия Дюссельдорф;49211;1,71
12;Германия Кёльн;49221;1,71
12;Германия Франкфурт-на-Майне;4969;1,71
12;Германия Эссен;49201;1,71
12;Германия сотовая;4915;6,555
12;Германия сотовая;49151, 49155, 49157, 49172, 49171, 49170, 4917, 49163, 49162, 49161, 49160, 4916;10,83
12;Германия сотовая;49153;11,685
12;Германия сотовая;49999, 49900, 49801, 49800, 4971, 49701, 49700, 4919;10,83
12;Германия сотовая;49169, 49168, 49167, 49166, 49165, 49164, 49159, 49158, 49154;11,685
12;Германия сотовая;4918, 49179, 49178, 49177, 49176, 49175, 49174, 49173, 49156, 49152, 49150;10,83
12;Германия сотовая роуминг;491710;10,83
12;Гибралтар;350;3,705
12;Гибралтар сотовый;35054, 35058, 35057, 35056;9,405
12;Греция;30;2,565
12;Греция Афины;301;2,565
12;Греция Афины;3021;2,565
12;Греция сотовая;306, 3069, 30694, 30699, 30800, 309, 3070, 30697, 30693;9,12
12;Греция сотовая роуминг;3069350, 306971, 3069900, 3069423;19,38
12;Дания;45, 4570;1,425
12;Дания сотовая;4510, 452, 45201, 45202, 45203, 45204, 45205, 45207, 45208, 45209, 4522, 45231, 45232, 45233, 45234, 45235, 45236, 45237, 45238, 452390, 452391, 452392, 452393, 452394, 452395, 452396, 452397, 452398, 452399, 4524, 45251, 45252, 45253, 45254, 45255, 45256, 45258, 4526, 45271, 45272, 45273, 45274, 4528, 4529, 4530, 4531, 4539, 4540, 45401, 45402, 45403, 45404, 45405, 45406, 45407, 45408, 45409, 4541, 45414, 4550, 45501, 45502, 45505, 45506, 45507, 45508, 45509, 4551, 45511, 45512, 45513, 45514, 45515, 45516, 455180, 455181, 455182, 455183, 455184, 455185, 455186, 455187, 455188, 455189, 45519, 4560, 45601, 45602, 45605, 45606, 45607, 45608, 456091, 456092, 456093, 456094, 456095, 456099, 4561, 45611, 45612, 45613, 456140, 456141, 456142, 456143, 456144, 456145, 456146, 456147, 456148, 456149, 45615, 45616, 45617, 4572, 4590;9,69
12;Ирландия;353;1,71
12;Ирландия Дублин;3531;1,71
12;Ирландия сотовая;35315, 3531890, 353583, 353700, 35385, 35397, 3539, 35386, 3538;9,12
12;Исландия;354;2,565
12;Исландия сотовая;3543, 3546, 3549, 3548;9,12
12;Испания;34;1,71
12;Испания Мадрид;341;1,995
12;Испания сотовая;346;11,685
12;Испания сотовая;34871, 34622, 3471, 34973;12,255
12;Италия;39;1,995
12;Италия Рим;3906;1,995
12;Италия Милан;3902;1,995
12;Италия сотовая;393, 3934, 3932, 3933, 3938, 39563, 3939;10,26
12;Лихтенштейн;423;3,705
12;Лихтенштейн сотовый;4238;5,13
12;Лихтенштейн сотовый;4236;17,955
12;Лихтенштейн сотовый;4239;5,13
12;Лихтенштейн сотовый;4235;10,26
12;Лихтенштейн сотовый;4237;19,38
12;Люксембург;352;2,565
12;Люксембург сотовый;352020, 352029, 352021, 352028, 3520291, 352068, 35298, 35291, 352905, 352901, 352900, 35290, 35268, 3526, 352291, 35228, 35221, 35220, 352098, 352091, 352061;10,26
12;Македония;389;10,83
12;Македония сотовая;38951, 38975, 3897, 38970;11,685
12;Мальта;356;6,555
12;Мальта сотовая;356117;10,26
12;Мальта сотовая;3569943, 3569942, 3569941, 3569, 35679700, 35679;17,955
12;Мальта сотовая;35699, 35671, 35670, 3567;10,26
12;Монако;377;3,42
12;Монако сотовые;3774, 37747, 3776;10,26
12;Монако сотовый KFOR;37744, 37745;10,26
12;Нидерланды;31;1,71
12;Нидерланды Амстердам;3120;1,71
12;Нидерланды сотовые;316, 31640, 3190, 31900, 319, 318, 31906, 31909;11,685
12;Норвегия;47;1,995
12;Норвегия Осло;472;1,995
12;;;
12;Норвегия сотовая;4711, 479, 474, 4781;9,12
12;Польша;48;2,85
12;Польша Варшава;4822;1,71
12;Польша сотовая;4820, 4850, 4856, 4860, 48510, 4851, 4864, 4866, 48888, 48880, 4888, 48693, 48692, 48691, 4869, 48661, 48660, 4899, 4890, 48889, 48642;11,97
12;Португалия;351;2,28
12;Португалия Лиссабон;35121;2,28
12;Португалия Порту;35122;23,085
12;Португалия сотовая;3511, 35116, 35118, 351648, 351641, 351609, 351607, 351601, 351600, 3516, 351291, 351189;10,83
12;Португалия сотовая;351676;15,39
12;Португалия сотовая;35196, 35193, 35191, 3519, 35189, 35188, 3518, 35169, 35167, 351669, 351169;10,83
12;Румыния;40;5,985
12;Румыния Бухарест;401, 4021;3,705
12;Румыния сотовая;407, 4076, 4072, 4074, 4078, 409, 408;11,4
12;Сан-Марино;378;3,135
12;Санмарино;390549, 39549;12,825
12;Себия и Черногория;3815;6,555
12;Сербия и Черногория;381;6,555
12;Сербия и Черногория Белград;38111;6,27
12;Сербия и Черногория сотовая;3816;11,4
12;Сербия и Черногория;3811, 3812, 3818, 3819, 3817, 3813;6,555
12;Сербия и Черногория сотовая;38161, 38164, 38169, 38167, 38165, 38163;11,4
12;Словакия;421;3,705
12;Словакия Братислава;4217;3,705
12;Словакия сотовая;42190, 42191;10,83
12;Словения;386;3,705
12;Словения сотовая;38630, 38641, 38650, 38640, 38631, 38651, 38660;10,26
12;Словения сотовая;38649, 38621, 38620;11,685
12;Словения сотовая;38671, 38670, 38661, 3866;10,26
12;Словения сотовая роуминг;3863115, 386700, 3864115, 3864000;11,685
12;Фарерские острова;298;7,98
12;Фарерские острова сотовая;2982;7,98
12;Финляндия;358;2,85
12;Финляндия Хельсинки;3589;2,85
12;Финляндия сотовая;35810, 35820, 35830, 3584, 35840, 35841, 35842, 35843, 35844, 358450, 358451, 358452, 358453, 358454, 358455, 358456, 358457, 358458, 358459, 35846, 35847, 35848, 35849, 358490, 358491, 358492, 358493, 358494, 358495, 358496, 358497, 358498, 358499, 3585, 35850, 3586, 358600, 3587, 35870, 35871, 35880, 35896, 35897, 35898;10,26
12;Финляндия сотовая роуминг;3584099, 35844798, 35850879;12,825
12;Франция;33;1,71
12;Франция Париж;331;1,71
12;Франция сотовая;336, 33601, 33603, 33604, 33606, 33607, 33608, 33609, 3361, 3362, 33630, 33631, 33632, 33633, 33638, 33640, 33641, 33649, 33651, 33653, 33654, 33656, 33657, 33660, 33661, 33662, 33663, 33664, 33665, 33666, 33667, 33668, 33669, 3367, 3368, 33698, 33699, 338;7,695
12;Франция сотовая роуминг;33655;11,685
12;Хорватия;385;3,705
12;Хорватия сотовая;385098, 385099, 3856, 38577, 3859, 38591, 38598, 38599;10,83
12;Черногория сотовая;38267;11,685
12;Чехия;420;2,565
12;Чехия Прага;4202;2,565
12;Чехия сотовая;42011, 42072, 42097, 42096, 42093, 4209, 42077, 42073, 42071, 42060, 42070, 4207;8,55
12;Чехия сотовая;420601, 420602, 420604, 420606, 420608, 420962, 420966, 420965, 420964, 420963, 420961, 420607, 420605, 420603;8,55
12;Швейцария;41;1,71
12;Швейцария Женева;4122;1,71
12;Швейцария сотовая;416, 4190;10,83
12;Швейцария сотовая;4186;11,685
12;Швейцария сотовая;4199, 4198, 4189, 417, 4180, 4184, 4187;10,83
12;Швейцария Цюрих;411;1,71
12;Швейцария сотовая;4144;10,83
12;Швейцария сотовая;4176, 4178;15,39
12;Швейцария сотовая;4174, 41860, 4177;19,38
12;Швейцария сотовая;4179;15,39
12;Швейцария сотовая роуминг;4176591, 4178931, 4179490, 4179491, 4179492;15,39
12;Швеция;46;1,71
12;Швеция Стокгольм;468;2,565
12;Швеция сотовая;4610, 4612, 46252, 46376, 4644, 46450, 46458, 46518, 46519, 4659, 4667, 467, 4670, 4673, 4676, 4678, 46900, 46939, 46944;10,26
12;Швеция сотовая;46462, 46469, 46673, 46674, 46675, 46676, 4674, 46762, 46763, 46765, 46768;10,26
0;13, Азия;;
13;Аруба;297;7,41
13;Аруба мобильная;29759, 29773, 2979, 29774;10,26
13;Афганистан;93;14,535
13;Афганистан сотовый;9320, 9330, 9360, 9350, 9340, 9370, 9379;17,955
13;Бангладеш;880;6,84
13;Бангладеш Дакка;8802;4,275
13;Бангладеш сотовый;8801;10,26
13;Бангладеш Силхет;880821;10,26
13;Бангладеш Читтагонг;88031;10,26
13;Бангладеш сотовый;88011, 88018, 88019, 88017;10,26
13;Бермуды;1441;4,845
13;Бруней;673;4,845
13;Бруней сотовый;673227, 673228, 6736, 6738, 673229;5,13
13;Бутан;975;8,835
13;Виргинские острова (Великобритания);1284;9,12
13;Виргинские острова (США);1340;3,705
13;Вьетнам;84;13,965
13;Вьетнам Ханой;844;13,965
13;Вьетнам сотовый;848, 8485, 8489, 8495, 8491, 8490, 849, 8488, 8481, 8480;15,39
13;Гваделупа;590;7,41
13;Гваделупа сотовая;59035, 59049, 5906, 5907, 590690, 5905;15,39
13;Гваделупа сотовая;690;15,39
13;Гонконг;852;1,425
13;Гонконг сотовый;85217, 85248, 85249, 8526, 8529;5,13
13;Диего-Гарсия;246;57
13;Израиль;972, 9722, 9724, 9728, 9729, 97286, 97248;1,995
13;Израиль Тель-Авив;9723;1,71
13;Израиль Палестина;97242, 97262, 97282;4,845
13;Израиль Палестина;97222, 97232;10,26
13;Израиль Палестина;97292, 97272;4,845
13;Израиль Палестина сотовая;97259;4,845
13;Израиль сотовый;9725, 9726, 97264, 97266, 97268, 97267, 97265;4,56
13;Инденозия сотовая;628;7,98
13;Индия;91;9,12
13;Индия Пинджаб;9116;7,695
13;Индия Ахмадабад;9179;7,695
13;Индия Бангалор;9180;7,695
13;Индия Бомбей;9122;7,695
13;Индия Калькутта;9133;7,695
13;Индия Мадрас;9144;7,695
13;Индия Нью Дели;9111;7,695
13;Индия Пинджаб;9117, 9118;7,695
13;Индия Хайдарабад;9140;7,695
13;Индия сотовая;919, 9198, 9194;9,12
13;Индонезия;62;5,13
13;Индонезия Джакарта;6221;3,135
13;Индонезия сотовая;6213, 6228, 6281, 6283, 6285, 6286, 6284, 6282;7,98
13;Иордан;962;8,55
13;Иордан сотовый;96269, 9627, 96277, 9629, 96296, 96295, 96279, 96274;12,255
13;Ирак;964;16,815
13;Ирак Багдад;9641;16,815
13;Ирак Мосул;96460;16,815
13;Ирак сотовая;9647, 964780, 964790, 964770, 964750;16,815
13;Иран;98;5,985
13;Иран Тегеран;9821;5,985
13;Иран сотовый;989;6,555
13;Йемен;967;9,12
13;Йемен Сана;9671;9,12
13;Йемен сотовый;96771, 96779, 96773, 96777;9,12
13;Камбоджа;855;16,815
13;Катар;974;15,39
13;Катар сотовый;974124, 97428, 9745, 9742;19,38
13;Кипр;357;3,99
13;Кипр сотовый;35712, 357123, 35770, 357700, 3577777, 35791, 35799, 3579, 357777;7,695
13;Китай;86;1,71
13;Китай Венжоу;86577;1,71
13;Китай Гуанджоу;8620;1,71
13;Китай Пекин;8610;1,71
13;Китай Фучжоу;86591;1,71
13;Китай Шанхай;8621;1,71
13;Китай Шеньжень;86755;1,71
13;Китай сотовый;8613;1,995
13;Кувейт;965;6,555
13;Лаос;856;10,545
13;Ливан;961;6,84
13;Ливан сотовый;9613;10,26
13;Макао Аомынь;853;3,705
13;Малайзия;60;2,28
13;Малайзия сотовая;601;3,705
13;Мальдивы;960;14,535
13;Мартиника;596;6,555
13;Мартиника остров сотовый;596696;21,945
13;Монголия;976;6,555
13;Монголия сотовая;9768, 9769;9,12
13;Монтсеррат;1664;12,54
13;Мьянма;95;19,38
13;Непал;977;15,105
13;ОАЭ;971;12,54
13;ОАЭ Дубай;9714;12,255
13;ОАЭ сотовая;9715, 97150;12,54
13;Оман;968;13,11
13;Пакистан;92;11,97
13;Пакистан Карачи;9221;11,97
13;Палестина;970;5,13
13;Палестина;97022, 97042, 97082, 97092;7,695
13;Палестина сотовая;97059;5,13
13;Палестина сотовая;9705, 9706;10,26
13;Реюньон;262;11,685
13;Реюньон сотовая;262692;12,825
13;Саудовская Аравия;966;10,545
13;Саудовская Аравия сотовая;9664, 9665, 9668, 9666;11,685
13;Саудовская Аравия сотовая;96613;11,685
13;Саудовская аравия Джеддах;9662;5,985
13;Северная Корея;850;24,51
13;Сингапур;65;1,425
13;Сингапур сотовый;659;5,13
13;Сингапур сотовый;658;5,13
13;Сирия;963;16,815
13;Сирия Дамаск;96311;16,815
13;Сирия сотовая;96392, 96393, 96395, 96394;16,815
13;Соломоновы о-ва;677;36,195
13;Таиланд;66;5,13
13;Таиланд Банкок;662;3,99
13;Таиланд сотовый;661, 667, 666, 6651, 6650, 665, 6649, 6648, 6647, 6641, 669, 668, 6679, 6678, 6673, 6672, 6671, 6670, 664, 6640;10,26
13;Таиланд сотовый роуминг;6615, 6616, 6668, 6669, 6697, 6696;5,13
13;Тайвань;886;1,995
13;Тайвань сотовый;88660, 8869, 88670;5,13
13;Тайвань сотовый;88691, 88692, 88695, 88698, 88696, 88693;5,13
13;Теркс и Кайкос о-ва;1649;11,97
13;Тунис сотовая;2169;12,255
13;Турция;90;5,13
13;Турция Стамбул;90212;6,555
13;Турция сотовая;905;7,695
13;Турция Анкара;90312;6,555
13;Турция Анталия;90242;6,555
13;Турция Кипр;90392;10,26
13;Турция Стамбул;9021, 90216;4,56
13;Турция сотовая;9053;7,695
13;Узбекистан Ташкент;998712;3,99
13;Шри Ланка;94;11,685
13;Южная Корея;82;2,565
13;Южная Корея сотовая;8227, 8267, 82999;3,705
13;Южная Корея сотовая;821;3,135
13;Япония;81;1,995
13;Япония Нагойя;8152;1,995
13;Япония Осако;816;1,995
13;Япония Токио;813;1,995
13;Япония сотовая;8130, 8131, 8140, 8144, 8145, 8148, 8170, 8180, 8190;9,12
0;14, Африка;;
14;Алжир;213;6,555
14;Алжир Алжир;21321;6,555
14;Алжир сотовый;2136, 213617, 21361, 21362, 21371, 21373, 21379, 21398;8,265
14;Алжир сотовый;21355, 21354, 21353, 21352, 21351, 21350, 2135;13,965
14;Алжир сотовый;21399, 2138, 21374, 21372, 2137;8,265
14;Ангола;244;8,265
14;Ангола сотовая;2449, 24495, 24491, 24492;12,54
14;Бахрейн;973;8,265
14;Бахрейн сотовый;9733, 97336, 97338, 9739, 97339, 97337;11,685
14;Бенин;229;9,12
14;Ботсвана;267;5,985
14;Ботсвана сотовая;26771, 26772;9,12
14;Буркина-Фасо;226;9,12
14;Буркина-Фасо сотовая;2262, 2268, 2266, 2267;9,12
14;Бурунди;257;6,84
14;Габон;241;6,84
14;Гамбия;220;9,975
14;Гана;233;7,41
14;Гана сотовая;23320, 23325, 23327, 23394, 23328, 23326, 23324;9,12
14;Гвинея;224;7,41
14;Гвинея Бисау;245;32,775
14;Гуам;1671;3,705
14;Демократическая республика Конго;243;11,685
14;Демократическая республика Конго сотовые;24322, 24378, 24381, 24385, 24388, 24399, 24398, 24397, 24389, 24386, 24384, 24380;15,39
14;Джибути;253;7,695
14;Египет;20;7,695
14;Египет Каир;202;7,695
14;Египет Александрия;203;7,695
14;Египет сотовый;2010, 2011, 2012, 20999;8,835
14;Замбия;260;5,415
14;Занзибар;259;16,245
14;Зимбабве;263;3,99
14;Зимбабве сотовые;26311, 26323;10,545
14;Зимбабве сотовые;26391;11,115
14;Кабо-Верде;238;11,97
14;Камерун;237;9,975
14;Камерун сотовый;2375, 2378, 2379, 2376, 2377;13,11
14;Кения;254;7,695
14;Кения Нароби;2542;7,695
14;Кения сотовая;2547, 25473, 25472, 25471;11,685
14;Коморы;269;15,39
14;Конго;242;8,55
14;Кот-Дивуар;225;11,4
14;Лесото;266;5,7
14;Либерия;231;9,12
14;Либерия сотовая;231226, 231229, 23139, 23147, 23152, 23154, 23156, 23165, 23164, 23159, 23158, 23157, 23155, 23153, 23151, 23146, 23128, 231227, 231228;9,405
14;Ливия;218;6,555
14;Ливия сотовая;21891;10,26
14;Маврикий;230;10,26
14;Мавритания;222;10,545
14;Мадагаскар;261;11,685
14;Малави;265;4,845
14;Мали;223;11,115
14;Мали Бамако;22322;12,825
14;Мали сотовая;2236;12,825
14;Марокко;212;9,405
14;Марокко Касабланка;21222;9,405
14;Марокко сотовые;2126, 21292, 2127;11,685
14;Мозамбик;258;7,41
14;Мозамбик сотовая;25882, 25884;11,685
14;Намибия;264;5,985
14;Намибия сотовая;26481;10,26
14;Нигер;227;7,125
14;Нигерия;234;9,12
14;Нигерия Лагос;2341;11,4
14;Нигерия сотовая;234128, 23490, 234805, 234804, 234803, 234802, 23480, 23470, 2344470, 2341320, 23414, 2341470, 234446, 234177, 234132, 2341288;11,4
14;Остров св, Елены;290;27,075
14;Руанда;250;7,41
14;Руанда сотовая;25008;11,685
14;Сан-Томе и Принсипи;239;57
14;Свазиленд;268;7,695
14;Сейшельские острова;248;11,97
14;Сейшельские острова сотовая;2485;11,97
14;Сенегал;221;9,12
14;Сенегал Дакар;2218;9,12
14;Сенегал сотовая;2215, 2216;10,26
14;Сомали;252;22,23
14;Сомали Могадишо;2521;39,9
14;Судан;249;11,115
14;Сьерра Леоне;232;21,945
14;Танзания;255;12,54
14;Танзания Дар-эс-Салам;25522;12,54
14;Танзания сотовая;25574;16,815
14;Того;228;11,685
14;Тунис;216;10,545
14;Тунис сотовая;2162;12,255
14;Уганда;256;7,98
14;Уганда сотовая;25639, 25675, 25676, 25678, 25677, 25671;8,265
14;Филиппины;63;7,695
14;Филиппины Манила;632;7,695
14;Филиппины сотовые;6321, 6327, 63291, 63242;11,97
14;Филиппины сотовые;633, 639;11,97
14;Французская Гвинея;594694;19,38
14;Центральная Африканская Респ,;236;10,545
14;Чад;235;12,825
14;Экваториальная Гвинея;240;16,815
14;Эритрея;291;18,24
14;Эфиопия;251;15,96
14;Эфиопия сотовая;251920, 251921, 251923, 251929, 251922;18,81
14;ЮАР;27;3,705
14;ЮАР Йоханнесбург;2711;3,705
14;ЮАР Кейптаун;2721;3,705
14;ЮАР сотовая;277, 2773, 278, 2784;9,12
14;ЮАР сотовая роуминг;278201, 278202, 278203, 278410;12,825
0;15, Австралия и Океания;;
15;Австралийские территории;672;25,65
15;Австралия;61;1,71
15;Австралия Satellite;6114, 61190;71,25
15;Австралия Аделаида;618;1,71
15;Австралия Мельбурн;613;1,71
15;Австралия Сидней;6128, 6129;1,71
15;Австралия сотовая;61071, 6116, 6118, 614, 6142, 615, 6144, 6143, 6141, 6119, 6117, 6115, 611;6,555
15;Антарктика;6720, 6721;34,2
15;Вануату сотовая;6784, 6785;45,6
15;Ванутау;678;25,65
15;Восточный Тимор;670;51,3
15;Кирибати;686;20,805
15;Кокосовые о-ва;61891;15,39
15;Маршаловы о-ва;692;21,945
15;Микронезия;691;16,815
15;Науру;674;34,2
15;Новая Зеландия;64;1,71
15;Новая Каледония;687;17,955
15;Новая Зеландия сотовая;642, 64333050, 6446, 6490, 648;9,975
15;Норфолские о-ва;6723;27,075
15;Остров Рождества;6724;9,12
15;Острова Кука;682;42,75
15;Палау;680;12,825
15;Папуа Новая Гвинея;675;23,085
15;Сайпан;1670;6,27
15;Самоа (Западное);685;21,945
15;Самоа (США);684;6,555
15;Самоа (США);1684;6,555
15;Тонга;676;28,215
15;Тувалу;688;20,52
15;Уоллис и Фут;681;61,275
15;Фиджи;679;11,685
15;Французская Полинезия;689;11,685
0;16, Северная Америка;;
16;Антигуа и Барбуда;1268;11,4
16;Багамские острова;1242;6,27
16;Барбадос;1246;7,41
16;Белиз;501;7,41
16;Белиз сотовый;50114, 50115, 50116, 50118, 5016;9,12
16;Белиз сотовый;5013;10,26
16;Гаити;509;6,555
16;Гаити сотовые;50920, 50926, 5093, 5095, 5094, 50927, 50921;12,255
16;Гаити сотовый;50925, 509251, 509851, 50985;12,255
16;Гватемала;502;6,555
16;Гватемала сотовая;50220, 50221, 50299, 50291, 50290, 50289, 50281, 50280, 50279, 50271, 50270, 50269, 50261, 50260, 5025, 50249, 50241, 50240, 50239, 50231, 50230, 50229;14,82
16;Гондурас;504;12,825
16;Гондурас сотовая;5043, 5049;17,1
16;Гренада;1473;7,41
16;Гренландия;299;19,38
16;Доминика;1767;9,405
16;Доминиканская республика;1809;3,99
16;Канада;1204, 1250, 1289, 1306, 1403, 1416, 1418, 1438, 1450, 1506, 1514, 1519, 1600, 1604, 1613, 1647, 1705, 1709, 1778, 1780, 1807, 1819, 1867, 1902, 1905;1,71
16;Коста Рика;506;3,705
16;Коста Рика мобильные;506283, 506284, 5063, 506712, 5068;3,99
16;Куба;53;23,085
16;Куба Гавана;537;34,2
16;Мексика;52;3,705
16;Мексика Акапулько;5274;3,705
16;Мексика Гуадалахара;523, 5233;3,135
16;Мексика Монтерей;5283;3,135
16;Никарагуа;505;7,695
16;Панама;507;7,125
16;Панама сотовая;5072, 50720, 50721, 5074, 5075, 5076, 5077, 5078, 5079;7,695
16;США;1;1,71
16;США Аляска;1907;3,135
16;США Гавайи;1808;2,85
16;США Вашингтон;1202;1,71
16;США Детройт;1313;1,71
16;США Лос-Анджелес;1323;1,71
16;США Нью-Йорк;1212, 1347, 1646, 1917, 1718;1,71
16;США Сан-Франциско;1415;1,71
16;США Чикаго;1312;1,71
16;Сальвадор;503;5,415
16;Сальвадор мобильный;5037, 5038;7,695
16;Сент-Винсент и Гренадины;1784;12,54
16;Сент-Китис и Невис;1869;11,685
16;Сент-Люсия;1758;11,685
16;Тринидад и Тобаго;1868;9,12
16;Ямайка;1876;5,415
16;Ямайка сотовая;1876210, 18763;10,26
0;17, Южная Америка;;
17;Ангилья о-в;1264;7,98
17;Аргентина;54;2,85
17;Аргентина Буенос Айрес;5411;2,85
17;Аргентина Кордоба;54351;2,85
17;Аргентина Мендоза;54261;2,85
17;Аргентина Розарио;54341;2,85
17;Аргентина сотовая;544, 549;3,705
17;Асунсьен;247;34,2
17;Боливия;591;10,83
17;Боливия сотовая;5911, 5917;11,685
17;Боливия Кочабамба;59144;5,13
17;Боливия Ла Пас;59122;5,13
17;Боливия Санта Круз;59133;5,13
17;Бразилия;55;3,705
17;Бразилия Белу-Оризонти;5531;3,705
17;Бразилия Рио-де-Жанейро;5521, 55215;3,705
17;Бразилия Белу-Оризонти;55311, 55312, 55313, 55314, 55315;3,705
17;Бразилия Кампинас;5519;3,705
17;Бразилия Рио-де-Жанейро;552, 55211, 55214, 55213, 55212, 55216;3,705
17;Бразилия Сан-Пауло;5511, 55113, 55116, 55115, 55114, 55112, 55111;3,705
17;Бразилия сотовая;55007, 55117, 55118, 55119, 55127, 55128, 55129, 55137, 55138, 55139, 55148, 55149, 55158, 55159, 55168, 55169, 55178, 55179, 55188, 55189, 55197, 55198, 55199, 55217, 55218, 55219, 55228, 55229, 55248, 55249, 55278, 55279, 55288, 55289, 55317, 55318, 55319, 55328, 55329, 55338, 55339, 55348, 55349, 55358, 55359, 55378, 55379, 55388, 55389, 55417, 55418, 55419, 55428, 55429, 55438, 55439, 55448, 55449, 55458, 55459, 55468, 55469, 55478, 55479, 55488, 55489, 55498, 55499, 55517, 55518, 55519, 55538, 55539, 55548, 55549, 55558, 55559, 555617, 55617, 55618;7,695
17;Венесуэла;58;4,845
17;Венесуэла Валенсия;58241;4,845
17;Венесуэла Каракас;582, 58212;4,845
17;Венесуэла сотовая;582239, 5823, 5841, 58414, 58416;9,12
17;Венесуэла сотовая;5818, 5817, 5816, 5815, 5814, 5812;11,685
17;Венесуэла сотовая;58418, 58417, 58415, 58412;9,12
17;Гайана;592;11,685
17;Голландские Антильские острова;599;8,265
17;Голландские Антильские острова;59996;8,265
17;Гуантомо Бэй;5321;48,45
17;Каймановы о-ва;1345;7,98
17;Колумбия;57;3,705
17;Колумбия Богота;571, 5712, 5713, 5715, 5719, 5718, 5714;3,705
17;Колумбия Кали;572, 57289, 5723, 5724, 5725, 57288, 5726;3,705
17;Колумбия Мобильные;573, 57315, 57300, 57308, 57310, 57311;5,415
17;Мексика Монтерей;5281;3,135
17;Мехико;5255;3,135
17;Парагвай;595;7,41
17;Парагвай сотовый;5957, 5958, 5959;8,835
17;Перу;51;4,845
17;Перу Лима;511;11,685
17;Перу сотовая;51195, 51198, 51419, 51439, 51519, 51839, 51829, 51769, 51749, 51739, 51729, 51679, 51669, 51659, 51849, 51649, 51639, 51629, 51619, 51569, 51549, 51539, 51529, 51449, 51429, 51199, 51197, 51196;11,685
17;Перу сотовые;5115, 5119, 5134, 5194, 5184, 518, 5174, 517, 5164, 516, 5154, 515, 5144, 514, 5124, 51182, 5116, 5117, 5118;11,685
17;Пуэрто Рико;1787;3,705
17;Пуэрто Рико;1939;3,705
17;Суринам;597;11,4
17;Уругвай;598;8,55
17;Уругвай сотовый;5989;11,4
17;Уругвай Монтевидео;5982;8,55
17;Фолклендские острова;500;24,51
17;Французская Гвинея;594;9,405
17;Чили;56;1,71
17;Чили сотовые;568, 569;10,26
17;Чили Сантьяго;562;1,71
17;Чили сотовая;5611, 5615;10,26
17;Эквадор;593;6,555
;;;
